{
  "mappings": {
    "earth/terrarium/athena/mixins/ModelBakeryMixin": {
      "<init>": "Lnet/minecraft/class_1088;<init>(Lnet/minecraft/class_324;Lnet/minecraft/class_3695;Ljava/util/Map;Ljava/util/Map;)V",
      "Lnet/minecraft/client/resources/model/ModelBakery;registerModel(Lnet/minecraft/client/resources/model/ModelResourceLocation;Lnet/minecraft/client/resources/model/UnbakedModel;)V": "Lnet/minecraft/class_1088;method_61076(Lnet/minecraft/class_1091;Lnet/minecraft/class_1100;)V"
    }
  },
  "data": {
    "named:intermediary": {
      "earth/terrarium/athena/mixins/ModelBakeryMixin": {
        "<init>": "Lnet/minecraft/class_1088;<init>(Lnet/minecraft/class_324;Lnet/minecraft/class_3695;Ljava/util/Map;Ljava/util/Map;)V",
        "Lnet/minecraft/client/resources/model/ModelBakery;registerModel(Lnet/minecraft/client/resources/model/ModelResourceLocation;Lnet/minecraft/client/resources/model/UnbakedModel;)V": "Lnet/minecraft/class_1088;method_61076(Lnet/minecraft/class_1091;Lnet/minecraft/class_1100;)V"
      }
    }
  }
}