{
  "schemaVersion": 1,
  "id": "athena",
  "version": "4.0.2",
  "name": "Athena",
  "description": "Crossplatform Baked Model Loader",
  "authors": [
    "ThatGravyBoat"
  ],
  "contributors": [
  ],
  "contact": {
    "website": "https://modrinth.com/mod/athena-ctm",
    "repo": "https://github.com/terrarium-earth/athena",
    "issues": "https://github.com/terrarium-earth/athena/issues"
  },
  "license": "MIT",
  "icon": "icon.png",
  "environment": "*",
  "mixins": [
      "athena.mixins.json"
  ],
  "entrypoints": {
    "client": [
      "earth.terrarium.athena.impl.client.DefaultModels::init",
      "earth.terrarium.athena.api.client.fabric.AthenaFabricClient"
    ]
  },
  "custom": {
    "modmenu": {
      "badges": [
        "library"
      ]
    }
  },
  "depends": {
    "fabric": "*",
    "minecraft": ">=1.21"
  }
}
